<?xml version="1.0" encoding="UTF-8"?>
<project-private xmlns="http://www.netbeans.org/ns/project-private/1">
    <editor-bookmarks xmlns="http://www.netbeans.org/ns/editor-bookmarks/2" lastBookmarkId="0"/>
    <open-files xmlns="http://www.netbeans.org/ns/projectui-open-files/2">
        <group>
            <file>file:/D:/xampp/htdocs/azadmedicine_project/all_request_ajax.php</file>
            <file>file:/D:/xampp/htdocs/azadmedicine_project/header.php</file>
            <file>file:/D:/xampp/htdocs/azadmedicine_project/order_details.php</file>
            <file>file:/D:/xampp/htdocs/azadmedicine_project/login.php</file>
            <file>file:/D:/xampp/htdocs/azadmedicine_project/index.php</file>
            <file>file:/D:/xampp/htdocs/azadmedicine_project/update_admin.php</file>
            <file>file:/D:/xampp/htdocs/azadmedicine_project/request_count_ajax.php</file>
            <file>file:/D:/xampp/htdocs/azadmedicine_project/footer.php</file>
        </group>
    </open-files>
</project-private>
